{"step":1400,"_runtime":619.015307496,"_wandb":{"runtime":625},"_step":112,"train/batch_loss":6.555994033813477,"epoch":2,"_timestamp":1.747177284799017e+09,"train/loss":17.58244534609505,"val/loss":15.970842015577873}