{"val/loss":13.905782184451823,"_timestamp":1.7471757473224638e+09,"train/loss":13.254171606090935,"epoch":4,"_runtime":3057.47661556,"step":118200,"_wandb":{"runtime":3059},"train/batch_loss":4.8570170402526855,"_step":595}