{"train/loss":9.216695743276187,"_wandb":{"runtime":519},"step":7200,"_runtime":458.686672978,"_step":41,"_timestamp":1.7471763768313186e+09,"epoch":5,"val/loss":65.2162429767929,"train/batch_loss":17.29790496826172}