{"step":600,"_timestamp":1.7471758491417377e+09,"_runtime":35.875675254,"_step":3,"_wandb":{"runtime":77},"train/batch_loss":3.075906276702881}