{"step":800,"_timestamp":1.747176640910372e+09,"_runtime":19.567435403,"_step":4,"train/batch_loss":3.7542545795440674,"_wandb":{"runtime":22}}