{"train/loss":0.24330444046505367,"_timestamp":1.747179415342438e+09,"val/loss":0.22620457359037316,"_wandb":{"runtime":239},"_step":45,"train/batch_loss":0.05881411209702492,"step":8600,"epoch":2,"_runtime":223.744840202}