{"_wandb":{"runtime":357},"train/batch_loss":0.32590246200561523,"step":13400,"_timestamp":1.7471792752665586e+09,"_runtime":350.174110766,"_step":67}