{"loss":8.2269926071167,"epoch":4,"step":125900,"_timestamp":1.7471683600248451e+09,"_runtime":2419.967665968,"_step":1259,"_wandb":{"runtime":2421}}